,Text of Tweet,# of Likes,# of Retweets,Date Tweeted,User,Sentiment of the Tweet,# of Media Items in Tweet
0,"Thrilled to be part of this panel with reseaechers, end-users &amp; stakeholders on @Discrimination and @vulnerabilities under @covid-19, discussing findings from our ongoing European research projects at @ces_uc:  @ChildhoodAnd and @LGBTQILives https://t.co/b8Z2S5d6wg",0,0,Thu Sep 24 12:21:55 +0000 2020,Ana Cristina Santos,positive,1
1,"@WashingtonLife @Aslin_BeerCo @NBWA @corona @vizzyseltzer @GooseIsland Ah, Trite... best beer in the DC area. Hey @Aslin_BeerCo, when is it coming back?",0,0,Thu Sep 24 11:55:09 +0000 2020,quana2,positive,None
2,you need to pack your bags and leave bitch @corona so zayn and louis can have their bike ride.,1,0,Thu Sep 24 11:37:24 +0000 2020,aileenâ·,neutral,None
3,@LilNasX @corona bruh,0,0,Thu Sep 24 11:36:22 +0000 2020,big chungus,neutral,None
4,@LilNasX @bre___xoxo @corona my man sayin it like he tryna say â€œswiper no swipinâ€,0,0,Thu Sep 24 11:36:14 +0000 2020,Kingalphamiami,neutral,None
5,@tibro_ @covid Le covid: https://t.co/yNq21x2rQW,0,0,Thu Sep 24 11:34:52 +0000 2020,ELIASğŸğŸŒ†á¶ á¶œ áµ–áµ›â¿á¶œÊ°,neutral,1
6,It's clear that @Covid_19 incidence and deaths are rising at an alarming rate. Wake up! https://t.co/oBvFhnkCsn,0,0,Thu Sep 24 11:23:33 +0000 2020,Ted Lehmann,positive,1
7,@Crxqed @corona for proof btw lol https://t.co/28M7YHz1Z4,0,0,Thu Sep 24 10:55:16 +0000 2020,Corni Unic,positive,1
8,@Crxqed @corona the whole world is friends with it at this point,0,0,Thu Sep 24 10:55:02 +0000 2020,Corni Unic,positive,None
9,"@Nike The is not acceptable. @JaiCyclops and I, have been rigorously waiting for a pair of shoes, totally different from one anotherâ€™s, and have not received them yet. We have to twin and you ainâ€™t letting us do that, and same goes for you @corona. This needed to be put out here",0,0,Thu Sep 24 10:49:36 +0000 2020,Bhavya Vij,neutral,None
10,"@michaelthups @LilNasX @corona Go say that to my friend, a nice old man that WENT TO CHURCH, who died with COVID-19 complications 4 months ago :)",0,0,Thu Sep 24 10:28:18 +0000 2020,Jay,positive,None
11,"@michaelthups @BaAndABoAndABei @LilNasX @corona Go to his grave, you'll see bones",0,0,Thu Sep 24 10:26:39 +0000 2020,Jay,neutral,None
12,"@trueprizelol @BaAndABoAndABei @michaelthups @LilNasX @corona Just go to his grave, you'll see bones",0,0,Thu Sep 24 10:26:18 +0000 2020,Jay,neutral,None
13,"Hopefully this is one more attempt to distract from this coronavirus nightmare.  He particularly wants to distract his base, as that base experiences @COVID, having followed @Trump's anti-mask, pro-crowding wishes. Many of his supporters are ill with the virus: some have died.",0,0,Thu Sep 24 10:26:03 +0000 2020,BarbaraBuon,negative,None
14,@corona FIGHT FIRE WITH FIRE! https://t.co/okkZG925vC,0,0,Thu Sep 24 10:24:50 +0000 2020,Helena Torry - The Political #Indyref2 Mannequin,neutral,1
15,"If @corona can go from being a drink to a global phenomenon, you too can turn your life the other way round",1,0,Thu Sep 24 09:42:20 +0000 2020,ARYENDRA,negative,None
16,"Two @SuperLeague players test positive for @Covid-19 

@WarringtonRLFC host @DragonsOfficiel on Friday, with all games in this round taking place at the HJ Stadium

#coronavirusuk #COVID19 

| https://t.co/fyGlFuxhVr",1,1,Thu Sep 24 09:19:43 +0000 2020,Warrington Sport,positive,None
17,"@jjeanmeansit @Scouse_ma @covid 15th my daughter got tested still no results, rang them up and they said as its been 10 days shes sound to go back to school, top rated test and trace system we have",2,0,Thu Sep 24 09:12:47 +0000 2020,svenno17,positive,None
18,"@Scouse_ma @covid It is taking days for test results to come back.... children off with coughs waiting nearly a week so far, but money talks. Professional footballers get theirâ€™s turned round in the labs immediately.And Eton can afford to test all pupils, so their parents can grouse shoot safely",12,3,Thu Sep 24 08:53:30 +0000 2020,HiJean,positive,None
19,@BorisJohnson Why don't you make it LAW to wear a face mask outside as soon as you step out your home @covid-19 @facemask @savelives,0,0,Thu Sep 24 08:35:48 +0000 2020,Paul Kinnock,neutral,None
20,"Widamin-B....For faster recovery in nerve disorders and general vitamin deficiency
https://t.co/WUIRafWyyo
@healthy @motivation @fit @lifestyle
@nutrition @training @covid @life @instagood
@healthyliving @food @diet @selfcare @coronavirus
@yoga https://t.co/2g5zZYoGn2",0,0,Thu Sep 24 08:30:02 +0000 2020,Widmen Healthcare,positive,1
21,"ğ—ªğ—² ğ—½ğ—¿ğ—¼ğ˜ƒğ—¶ğ—±ğ—² ğ——ğ—¶ğ˜€ğ—¶ğ—»ğ—³ğ—²ğ—°ğ˜ğ—®ğ—»ğ˜ ğ—¦ğ—²ğ—¿ğ˜ƒğ—¶ğ—°ğ—²ğ˜€ ğ—³ğ—¼ğ—¿ ğ—°ğ—¼ğ—ºğ—ºğ—²ğ—¿ğ—°ğ—¶ğ—®ğ—¹ ğ—½ğ—¿ğ—¼ğ—½ğ—²ğ—¿ğ˜ğ—¶ğ—²ğ˜€ ğ—¹ğ—¶ğ—¸ğ—² - ğ—¢ğ—³ğ—³ğ—¶ğ—°ğ—²ğ˜€, ğ—¦ğ—°ğ—µğ—¼ğ—¼ğ—¹ğ˜€ ğ—˜ğ˜ğ—°.
ğ—™ğ—¼ğ—¿ ğ—ºğ—¼ğ—¿ğ—²;
ğŸ“:- ğŸµğŸ°ğŸ±ğŸ¯ğŸ¬ğŸ¬ğŸ­ğŸ­ğŸ²ğŸ²
ğŸŒ:- ğ˜„ğ˜„ğ˜„.ğ˜€ğ—®ğ—¸ğ˜€ğ—µğ—®ğ—ºğ˜€ğ—²ğ—¿ğ˜ƒğ—¶ğ—°ğ—²ğ˜€.ğ—°ğ—¼ğ—º
#disinfectant @COVID https://t.co/0mUjzcDoPE",1,0,Thu Sep 24 07:20:37 +0000 2020,Saksham Services,neutral,1
22,@Scouse_ma @covid I got a phone call to collect mine at 14:57 Tuesday because the last 15 minutes of school would of made all the difference ğŸ¤·â€â™€ï¸ same school as you I believe x,0,0,Thu Sep 24 07:19:04 +0000 2020,jo,neutral,None
23,"Somali women Observed all the Rules of preventing @Covid-19 while they are farming.
@FAOSomalia
@DrTedros https://t.co/Llki3QjBJZ",0,0,Thu Sep 24 06:52:10 +0000 2020,Ali Dugane,neutral,1
24,@doctorjen9 @JAMAInternalMed @JAMANetwork @doctorjen9 right. We are fully inundated with phone calls answering @covid queries and providing @medical certs. We could barely managed to give @influenza vaccination. Waiting for winter @chronic diseases and then @cervical @breast @cancer wave. Donâ€™t want to think @indemnity!,0,0,Thu Sep 24 06:27:22 +0000 2020,DocOnScreen,positive,None
25,"@Pandemic of love! Here it is! #Nenjaluthakaari the first official lyrical video of the ğŸï¸ @Actor_Mahendran #NammaOorukuEnnadhanAchu A breezy romantic no. from #SrikanthDeva 

â–¶ï¸ https://t.co/yTiHyTF1Gx

#NOEA  #PookadaiGSettu @gsarts_3 @urkumaresanpro @MangoMusicTamil",6,3,Thu Sep 24 06:04:46 +0000 2020,G5MEDIA,positive,None
26,"@RTUSPresident #DonaldTrump says may block stricter FDA guidelines for @coronavirus vaccine
US President #Donald Trump has said that he may or may not approve any new, more stringent FDA standards for an emergency authorisation of a @Covid-19 vaccine, https://t.co/TGnKtlacXD",1,0,Thu Sep 24 06:04:11 +0000 2020,KÃ rthikeya,positive,1
27,@DrLeoRebello @corona Right,0,0,Thu Sep 24 03:42:23 +0000 2020,Iqbalhusen Bokda,positive,None
28,Hi @corona wondering why you have @SnoopDogg as your spokesperson. Are you aware that in one of his videos he acts out assassinating the President of the USA? https://t.co/EHVCAQWxPO.â€¦ https://t.co/rTj1AruAbS,0,1,Thu Sep 24 02:56:16 +0000 2020,Barry Jacobsen,positive,None
29,"@_GAKR @norcalbooknerd @carterforva @corona just realized that its a 12 pack because of course it is, the 12 put it there after all",5,0,Thu Sep 24 02:20:27 +0000 2020,ğŸ’¥Gender Reveal ArsonğŸ”»BLM,neutral,None
30,@norcalbooknerd @carterforva Using @corona bottles for them? The 12 really are messing with us now.,5,0,Thu Sep 24 02:07:57 +0000 2020,Final sprint: SIX DAYS left to #GetOutTheCensus!,positive,None
31,@_thehispanic @corona Any word? My wife is going nuts!,0,0,Thu Sep 24 01:39:11 +0000 2020,Spike Nolan,neutral,None
32,Hey @corona can you make a Corona Light Tall Boy?,1,0,Thu Sep 24 00:43:02 +0000 2020,C h r i s t o p h e r,positive,None
33,"Is @realDonaldTrump wearing black tonight to try to look thinner, or to mourn the passing of @TrumpSuppporters who died from @COVID?",0,0,Thu Sep 24 00:00:00 +0000 2020,BarbaraBuon,negative,None
34,"IMHO #QuestDiagnostics is the worst lab for blood tests! 

I filled complaint with @QuestDX 10 days ago because they were rude, abusive &amp; unprofessional &amp; they violated @Covid-19 safety regulations. Was told Rhamel Graham or Joe Gargiulo would call me promptly, I am still waiting",0,0,Wed Sep 23 23:49:56 +0000 2020,News & Quotes,negative,None
35,"Hey @corona stop! ğŸ¤š

Or I'll have to interveneğŸ˜ˆ",1,0,Wed Sep 23 23:40:45 +0000 2020,ğŸ©¸ğƒğšğ«ğ¤.ğ’ğ¤ğ¢ğ§.ğŒğ¨ğğ,neutral,None
36,@LilNasX @corona They just tryna make liquor ğŸ˜‚,0,0,Wed Sep 23 23:39:32 +0000 2020,KMğŸ”Œ,neutral,None
37,@corona @Clehunnigan please..let us be free,0,0,Wed Sep 23 23:30:54 +0000 2020,go away,positive,None
38,Stop including Black Cherry in hard seltzer variety packs. Nobody likes Black Cherry. Okay? @WhiteClaw @BONVIVSeltzer @trulyseltzer @budlight @corona,0,0,Wed Sep 23 23:29:36 +0000 2020,VictoriağŸŒ¹,negative,None
39,"ğŸš¨ The #MNTwins should want to play *THIS* team in the playoffs... ğŸš¨

â€“ @Dexstweets is a Couple Seltzers In powered by @Corona Hard Seltzer. https://t.co/1AtvCZIoGE",15,1,Wed Sep 23 23:29:00 +0000 2020,SKOR North,negative,1
40,@kockrat @michaelthups @BaAndABoAndABei @LilNasX @corona god looking at his likes rn https://t.co/5r0VkcvZDD,0,0,Wed Sep 23 23:25:07 +0000 2020,Skit ğŸµ,neutral,1
41,@CordiliaJames loved your @WSJ article â€œmake new friends?â€  @usta is a great organization to meet new friends through tennis! I did just that during @Covid-19! @Tennis ğŸ¾ğŸ¾ğŸ¾,2,0,Wed Sep 23 23:21:29 +0000 2020,Ivy Brown,positive,None
42,@michaelthups @SkitteaScope @BaAndABoAndABei @LilNasX @corona I bet you made god proud When commenting that,1,0,Wed Sep 23 23:09:17 +0000 2020,kockrat,positive,None
43,@michaelthups @LilNasX @corona Yes this isnâ€™t a cure,0,0,Wed Sep 23 22:03:35 +0000 2020,Ù…Ù‡Ø¯ÙŠ,neutral,None
44,@SkyNews Is the cure for @COVID worse than the Virus? https://t.co/mE5Q4i0rwo,2,1,Wed Sep 23 21:56:17 +0000 2020,#OnlyForTheTape #MauriceMcCabe was BURIED,negative,None
45,@covid get the racists plz,0,0,Wed Sep 23 21:39:18 +0000 2020,King Cuddie,neutral,None
46,"@okbuddd @michaelthups @LilNasX @corona ğŸ˜‚ Iâ€™m saying there isnâ€™t a cure for it, only a vaccine but yes wear a jacket and just be smart during flu season is all it takes",0,0,Wed Sep 23 21:06:34 +0000 2020,Jesse Gould,positive,None
47,@SnoopDogg is gonna save @corona . Dope commercial,0,0,Wed Sep 23 21:05:33 +0000 2020,amateur-masiah,neutral,None
48,@mehdi_benziane @LilNasX @corona The vaccine?,0,0,Wed Sep 23 20:52:26 +0000 2020,Jesus Is King ğŸ‘‘,neutral,None
49,@michaelthups @LilNasX @corona It is not a poison there isnâ€™t a Â«Â cureÂ Â» but I guess you never studied in your entire life,0,0,Wed Sep 23 20:45:57 +0000 2020,Ù…Ù‡Ø¯ÙŠ,neutral,None
50,"The vaccine against @COVID developed by the multinational company Janssen has started to be widely tested in the USA on about 60,000 volunteer. 
This is the last test before its final approval, if it proves to be effective and safe. https://t.co/eCntW3UIf7",1,0,Wed Sep 23 20:34:40 +0000 2020,Daniel Buda,positive,1
51,@rjceo0 @Corona California Fashion Island and shopping is fun itâ€™s all from a China anyway...go to Market St DE. Itâ€™s Fabulous.,1,1,Wed Sep 23 20:21:51 +0000 2020,FaithBrewerGold,positive,None
52,"@Salon apparently now has a @COVID clairvoyant on staff with insight into how things will lag in the future - despite not being able to accurately represent @Project_Veritasâ€™s past.

How prototypically #Progressive.

Even Doc Brownâ€™s flux capacitor wouldnâ€™t take on that one. https://t.co/qeqzUnfxEZ",0,0,Wed Sep 23 20:03:59 +0000 2020,Percy,positive,None
53,All my homies hate @corona,3,0,Wed Sep 23 20:01:30 +0000 2020,Nolan Kreipe,negative,None
54,@corona stopğŸ¥º,5,1,Wed Sep 23 19:30:28 +0000 2020,ğ‘ğ¢ğ¯ğğ«ğ¬ğŸ’,neutral,None
55,"@Scouse_ma @covid My sons been home over a week, back tomorrow and tonight has developed a cough! FFSğŸ™„",0,0,Wed Sep 23 19:24:13 +0000 2020,Mary quite contrary ğŸŒ¹,positive,None
56,"@michaelthups @BaAndABoAndABei @LilNasX @corona I thought it came from a bat, how are bats men, I guess they legal enough then",0,0,Wed Sep 23 19:14:58 +0000 2020,Duke The Nootable ğŸ‘‘,positive,None
57,@HUDIIBRAH @LilNasX @corona Good,0,0,Wed Sep 23 18:59:40 +0000 2020,Jesus Is King ğŸ‘‘,positive,None
58,"Give a twist to your week! Watch your movie tonight with a cold @corona

#clff36 #festivalvirtual #festivaldecine #happeningnow #sponsor #goldsponsor #coronabeer #cervezacorona #miercolesdecervezas #movieandbeer #cinelatino https://t.co/vHG0GTrVX3",0,0,Wed Sep 23 18:59:40 +0000 2020,ChicagoLatinoFilmFestival,negative,1
59,@michaelthups @LilNasX @corona Bitch we been knew. https://t.co/POg8LimPd8,1,0,Wed Sep 23 18:54:43 +0000 2020,hudi,neutral,1
60,@Scouse_ma @covid Same ğŸ¤¦ğŸ¼â€â™€ï¸,0,0,Wed Sep 23 18:48:24 +0000 2020,Rachel Marsden,neutral,None
61,@TBPInvictus @hiltzikm Dr. Birx lost her #integrity when she bobbed her head behind #impotus45 as he proclaimed how he was going to kill people who have @covid,0,0,Wed Sep 23 18:21:34 +0000 2020,Anne Proffit,negative,None
62,@LilNasX @corona Maybe it'll listen to you smh,0,0,Wed Sep 23 17:59:52 +0000 2020,Yash,neutral,None
63,I hope youâ€™re happy @covid https://t.co/kApBNQkLSZ,0,0,Wed Sep 23 17:25:47 +0000 2020,Asgardian,positive,None
64,youâ€™ve literally ruined everything @covid,0,0,Wed Sep 23 17:17:07 +0000 2020,Ù‹,neutral,None
65,@hey_itsNDO @covid deadass bc i'm tryna treat myself ğŸ‘,0,0,Wed Sep 23 17:15:32 +0000 2020,ğ–“ğ–ğ–“ğ–Šğ–™ğ– â˜ï¸,neutral,None
66,Iâ€™mma beat ya ass @covid https://t.co/NiBYLbKjoc https://t.co/tofDw9whNs,1,1,Wed Sep 23 17:15:00 +0000 2020,luke,neutral,1
67,I need to know if u gonna be at iiipoints before I buy these tix @covid,11,2,Wed Sep 23 17:13:59 +0000 2020,NDO,neutral,None
68,@jssacramento @garystriewski @coronaextrausa @corona @SnoopDogg @w_terrence @THEHermanCain @RealCandaceO @DavidJHarrisJr @theangiestanton @PARISDENNARD @PastorDScott @hodgetwins @DiamondandSilk @ShemekaMichelle @montaga @TheLeoTerrell @show_sharp @adriana_donati @LacyJohnsonMN @RealBrysonGray @DCtheCapital @dvs7_0 @SpaceForceUSA_ The #LiberalHypocrisy KNOWS NO BOUNDS,2,2,Wed Sep 23 16:59:41 +0000 2020,Iâ€™mAnAmericanğŸ‡ºğŸ‡¸ğŸ’¯ğŸ‡ºğŸ‡¸ TEXT TRUMP 88022,negative,None
69,@jse_amor @garystriewski @coronaextrausa @corona @SnoopDogg @w_terrence @THEHermanCain @RealCandaceO @DavidJHarrisJr @theangiestanton @PARISDENNARD @PastorDScott @hodgetwins @DiamondandSilk @ShemekaMichelle @montaga @TheLeoTerrell @show_sharp @adriana_donati @LacyJohnsonMN @RealBrysonGray @DCtheCapital @dvs7_0 @SpaceForceUSA_ Corona supports this type of tolerance?,1,1,Wed Sep 23 16:42:01 +0000 2020,JLSmith_MAGA,negative,None
70,@LilNasX @corona Corona the beer be like:ğŸ˜ŸğŸ»ğŸ¤­,0,0,Wed Sep 23 16:40:49 +0000 2020,bellağŸƒ,neutral,None
71,"@jse_amor @garystriewski @coronaextrausa @corona @SnoopDogg @w_terrence @THEHermanCain @RealCandaceO @DavidJHarrisJr @theangiestanton @PARISDENNARD @PastorDScott @hodgetwins @DiamondandSilk @ShemekaMichelle @montaga @TheLeoTerrell @show_sharp @adriana_donati @LacyJohnsonMN @RealBrysonGray @DCtheCapital @dvs7_0 @SpaceForceUSA_ Wow, scrawny a$$ @SnoopDogg",1,1,Wed Sep 23 16:35:49 +0000 2020,JLSmith_MAGA,negative,None
72,@alexsobel will you back my  campaign to bring money from @covid fines back to #local communities to benefit them financially directly from the harm they have suffered by parties etc cc @leedslivenews @WLDispatch @LeedsNews https://t.co/95KPaRQ28v,0,0,Wed Sep 23 16:34:27 +0000 2020,"Stuart Long Esq,",positive,1
73,@AlecShelbrooke will you back my  campaign to bring money from @covid fines back to #local communities to benefit them financially directly from the harm they have suffered by parties etc cc @leedslivenews @WLDispatch @LeedsNews https://t.co/nY8nvAWueO,0,0,Wed Sep 23 16:33:55 +0000 2020,"Stuart Long Esq,",positive,1
74,@StuartAndrew will you back my  campaign to bring money from @covid fines back to #local communities to benefit them financially directly from the harm they have suffered by parties etc cc @leedslivenews @WLDispatch @LeedsNews https://t.co/Hf6njJlQbO,0,0,Wed Sep 23 16:33:22 +0000 2020,"Stuart Long Esq,",positive,1
75,"@garystriewski @coronaextrausa Yo...you gonna be hanging with another @corona spokesperson @SnoopDogg ? 

Asking for some Black friends
@w_terrence 
@THEHermanCain 
@RealCandaceO 
@DavidJHarrisJr 
@theangiestanton 
@PARISDENNARD 
@PastorDScott 
@hodgetwins 
@DiamondandSilk 

Hey @coronaextrausa #DidYouKnow ğŸ‘‡ https://t.co/nJWxtobYpw",4,12,Wed Sep 23 16:32:47 +0000 2020,Iâ€™mAnAmericanğŸ‡ºğŸ‡¸ğŸ’¯ğŸ‡ºğŸ‡¸ TEXT TRUMP 88022,negative,1
76,@RachelReevesMP will you back my  campaign to bring money from @covid fines back to #local communities to benefit them financially directly from the harm they have suffered by parties etc https://t.co/7MYOTMs3sH,0,0,Wed Sep 23 16:32:07 +0000 2020,"Stuart Long Esq,",positive,1
77,"News: Indian Govt has sought huge loans from China, Bill Gates, IMF, World Bank, UN &amp; US. From Soneki Chidiya to Beggars Bowl. If we had NOT hugged @Corona, we would have bailed out all these countries. Even now it can be done. https://t.co/xTKR7hyFyg",2,1,Wed Sep 23 16:21:37 +0000 2020,Dr. Leo Rebello,positive,1
78,@michaelthups @BaAndABoAndABei @LilNasX @corona You seem like one of those guys that chills in the dark in his basement bc heâ€™s paranoid to go outside,0,0,Wed Sep 23 16:09:48 +0000 2020,Nick Shaul,negative,None
79,@corona fuck off pls your making BTS sad,0,0,Wed Sep 23 15:48:14 +0000 2020,YTDN ğŸ’œ ğŸ‹ ğŸ•ºğŸŒº â·,negative,None
80,@LilNasX @corona They really should make a post explaining that they're not endorsing the virus lol,0,0,Wed Sep 23 15:45:17 +0000 2020,Enimrac Infantino,positive,None
81,@AtlantaFalcons @NFL_DovKleiman @haydenrhurst @dak And @haydenrhurst and @dak donâ€˜t seem to be afraid of @Corona either.,0,0,Wed Sep 23 15:40:34 +0000 2020,Grantler (Genderfreier Account),negative,None
82,"This is the scene of Patna Airport.
No SOP followed by passenger and by staff it self.

No one bother about it.
Bhgwan bhrose hai Bihar sir Patna
@COVIDNewsByMIB
@NitishKumar
@corona
@PMOIndia
@IndiGo6E
@HardeepSPuri https://t.co/XGoFF9k6af",1,0,Wed Sep 23 15:39:08 +0000 2020,keshav jain,neutral,1
83,the only way is the Swedish Way- Door groepsimmuniteit komen we van @covid-19 af. Failure to follow Swedenâ€™s COVID success will cost future generations https://t.co/9SPemNzZLA via @YouTube #Corona,0,0,Wed Sep 23 15:05:28 +0000 2020,Pieter van Dam,negative,None
84,@michaelthups @LilNasX @corona Donâ€™t trust the media.....so I CANT TRUST YOUUUUU,0,0,Wed Sep 23 15:03:12 +0000 2020,Yami iruma,neutral,None
85,@SenseLess709 @michaelthups @LilNasX @corona Show me some sources for that,0,0,Wed Sep 23 14:42:18 +0000 2020,putyouradhere,neutral,None
86,@michaelthups @LilNasX @corona Says the one believing in god instead of science,0,0,Wed Sep 23 14:41:54 +0000 2020,putyouradhere,neutral,None
87,@BBCScotlandNews @NicolaSturgeon @NicolaSturgeon @scotgov doesnâ€™t care about the Scottish people while keeping the pubs open they only care about the money they will lose if they close them again so much for whatâ€™s best for the Scottish people lock down #2 we will c you soon in a few weeks/months @COVID_19,0,0,Wed Sep 23 14:33:12 +0000 2020,Andrew,positive,None
88,@LilNasX @corona the coronavirus just ended,0,0,Wed Sep 23 14:28:38 +0000 2020,jordan,neutral,None
89,@NicolaSturgeon @scotgov doesnâ€™t care about the Scottish people while keeping the pubs open they only care about the money they will lose if they close them again so much for whatâ€™s best for the Scottish people lock down #2 we will c you soon in a few weeks/months @COVID_19,0,0,Wed Sep 23 14:25:57 +0000 2020,Andrew,positive,None
90,"Any bucks made out of schools opening @covid-19 millionaires will be blood money. Why rush to make quick money the KEMSA way?. Surely we are a cursed nation.

Oo God we are bring our kids n their teachers,please receive they.",0,0,Wed Sep 23 14:15:36 +0000 2020,Deco Nur,positive,None
91,.@covid BITCH.,7,0,Wed Sep 23 14:14:58 +0000 2020,derek Ë£,neutral,None
92,@covid you have seven days.,0,0,Wed Sep 23 14:13:43 +0000 2020,â€minÙ‹,neutral,None
93,i hate u @covid,5,0,Wed Sep 23 14:12:46 +0000 2020,mani âœœâ· | ramy day!!,negative,None
94,@corona @Clehunnigan hey you guys i got a new high score can i get more likes than corona? https://t.co/ALin19mA42,4,0,Wed Sep 23 13:56:41 +0000 2020,Kyle â€¢ i failed no simp september,positive,1
95,FUCK YOU @CORONA FUCK YU,0,0,Wed Sep 23 13:50:38 +0000 2020,reyâ·,negative,None
96,@DebonairsPizza Mexican Fiesta and cold @corona will slap better rn,0,0,Wed Sep 23 13:16:17 +0000 2020,Monyana wa Motswana,negative,None
97,@LilNasX @corona Little Nas X has gone insane everybody...,0,0,Wed Sep 23 13:10:19 +0000 2020,aussieoscar,negative,None
98,@corona @Clehunnigan this got more likes than iâ€™ve gotten in a while so follow me if you like milfs ğŸ‘ or not idk,0,0,Wed Sep 23 12:51:06 +0000 2020,Carla,positive,None
99,@Scouse_ma @covid In Vegas kids alone going back till January. There is no WiFi from 7am-4pm any where as all kids on a chrome book doing work. ğŸ˜‚ğŸ˜‚,0,0,Wed Sep 23 12:42:01 +0000 2020,Alan Wilson,neutral,None
100,"@LilNasX @corona Dude, its still just beginning...",0,0,Wed Sep 23 12:22:56 +0000 2020,freshjuise,neutral,None
101,@KSI No matter what @corona has helped a lot of back benchers,0,0,Wed Sep 23 12:01:17 +0000 2020,Naveed Ahmed,neutral,None
102,No matter what @corona has helped a lot of back benchers,0,0,Wed Sep 23 12:00:33 +0000 2020,Naveed Ahmed,neutral,None
103,Fedâ€™s Bullard Says U.S. Has Already Delivered Enough Fiscal Aid ... A year #ago we mightâ€™ve been able to say weâ€™d agreed! But in todayâ€™s reality people arenâ€™t dying from @COVID but from the lack of #resources to combat its ability to @spread! #rent$due ğŸ’¸ https://t.co/lbQBy7YaDX,0,0,Wed Sep 23 11:50:25 +0000 2020,One of Love,positive,None
104,"@stripleighade @corona This makes me wonder how many angry tweets has the account of Corona the beer got since this mess started, I kinda feel for them. Anyways, hate you, COVID, totally on your side with this.",0,0,Wed Sep 23 11:17:01 +0000 2020,Å½anetağŸ“ | Golden Spiceâœ¨,negative,None
105,"@PoojaPrasanna4 Govt planning to handover @itsSSR case to @CIA it may also think to call @ISI .. Its primarily important. Who cares about @corona #GST #COVID19India #FarmersProtest #RajyaSabhaMPs protests. 

Jai #Indianmedia",0,0,Wed Sep 23 11:05:55 +0000 2020,Madhu Naik,positive,None
106,"@Scouse_ma @covid I think our kids are in the same school and in the same year. My kids been sent home as well but this has been coming all week. I knew it, my kid knew it but the school ploughed on regardless. Iâ€™m not blaming the school as such cos the guidance theyâ€™ve been given is abysmal",1,0,Wed Sep 23 10:46:41 +0000 2020,pitchblack,neutral,None
107,Damn @corona https://t.co/gIdwK0YHmt,1,0,Wed Sep 23 10:41:42 +0000 2020,Einstein,neutral,None
108,"Response from Calderdale Council to national restrictions announcement
@vsialliance @calderdale @restrictions @covid @increase @spike @coronavirus
#vsialliance #calderdale #restrictions #covid #increase #spike #coronavirus https://t.co/qoZQuTFkni",0,0,Wed Sep 23 10:19:39 +0000 2020,CdaleLowerValley,neutral,None
109,"Response from Calderdale Council to national restrictions announcement
@vsialliance @calderdale @restrictions @covid @increase @spike @coronavirus
#vsialliance #calderdale #restrictions #covid #increase #spike #coronavirus https://t.co/V2a695VLFZ",0,0,Wed Sep 23 10:19:07 +0000 2020,Staying Well Project,neutral,None
110,"Uremic 40.... The New Generation Anti-Gout Medication
@healthy @motivation @fit @lifestyle
@nutrition @training @covid @life @instagood
@healthyliving @food @diet @selfcare @coronavirus
@yoga https://t.co/akbkcLfJMV",0,0,Wed Sep 23 10:19:06 +0000 2020,Widmen Healthcare,positive,1
111,@Scouse_ma @covid Turning into a proper b#ld you,0,0,Wed Sep 23 10:17:55 +0000 2020,Ferher,neutral,None
112,"Response from Calderdale Council to national restrictions announcement
@vsialliance @calderdale @restrictions @covid @increase @spike @coronavirus
#vsialliance #calderdale #restrictions #covid #increase #spike #coronavirus https://t.co/tPp5VD2Ve2",0,0,Wed Sep 23 10:17:54 +0000 2020,halifaxnorthandeast,neutral,None
113,@Scouse_ma @covid You'll have to leave fighting it until after 10pm but make sure it's before 5am. Judging by the new rules it seems to be operating between those hours ğŸ‘Š,0,0,Wed Sep 23 09:55:28 +0000 2020,RedDan â­â­â­â­â­â­,positive,None
114,@Scouse_ma @covid Schools should be provided with test kits and if one kid is diagnosed then test the rest. Too fuckin easy that.,1,0,Wed Sep 23 09:53:01 +0000 2020,Sappenin,positive,None
115,"@Scouse_ma @covid 2 weeks of lockdown with Google classroom, she'll be fewming! ğŸ™‚",1,0,Wed Sep 23 09:47:49 +0000 2020,Chris,neutral,None
116,@AllMeArse @covid Yep! Thatâ€™s the one theyâ€™re currently locked in ğŸ˜‚,1,0,Wed Sep 23 09:37:58 +0000 2020,Scouse Ma,neutral,None
117,@Scouse_ma @covid Same here. Their year is just shut down and all the kids are sent for a covid test. Only allowed back after two weeks when they have the proof they were negative etc.,1,0,Wed Sep 23 09:34:33 +0000 2020,Stacey,negative,None
118,@MacBaaby @corona what is twitter tryna say,0,0,Wed Sep 23 09:33:02 +0000 2020,Kenisha Martins,neutral,None
119,"@Scouse_ma @covid My daughter has as well, school wanted an email for permission for her to get the bus home. She gets the bus there and back every day.

The B... A... by any chance?",2,0,Wed Sep 23 09:31:11 +0000 2020,Chris,neutral,None
120,@Scouse_ma @covid 2 weeks at home then?,1,0,Wed Sep 23 09:28:16 +0000 2020,Jas k 6 ğŸ† 19 ğŸ†,neutral,None
121,"@Scouse_ma @covid My kid came home with a cold which started over the weekend with a sore throat, as I'm in the at risk category you can imagine at first I was paranoid it was corona, the following gif was me. https://t.co/SX4sumtYxf",3,0,Wed Sep 23 09:22:57 +0000 2020,Martin â“‚ The Red,negative,1
122,@Scouse_ma @covid Is that your new pet name for borris ğŸ¤£,0,0,Wed Sep 23 09:20:40 +0000 2020,Emshadows,positive,None
123,@Scouse_ma @covid How can all kids be sent home from school but footballers can still carry on playing footie an the person who tests positive is the only one sent home ğŸ˜‚ğŸ˜‚ this is madness,2,0,Wed Sep 23 09:19:07 +0000 2020,.,positive,None
124,"Fuck sake my child has been sent home as someone in their year has tested positive for covid. I want a fight with this SMELLY, SCRUFFY BITCH @COVID",135,9,Wed Sep 23 09:16:53 +0000 2020,Scouse Ma,negative,None
125,@michaelthups @BaAndABoAndABei @LilNasX @corona okay alex jones calm down,0,0,Wed Sep 23 09:01:14 +0000 2020,ila,positive,None
126,@LilNasX @corona corona virus rates drop to 0,0,0,Wed Sep 23 08:59:55 +0000 2020,ila,neutral,None
127,@LilNasX @corona corona after seeing this tweet: https://t.co/hh5FPuHwt2,5,0,Wed Sep 23 08:45:23 +0000 2020,ã‚¹ãƒ†ãƒœ,neutral,1
128,Loving the fact that I canâ€™t have my child and myself tested for @Covid cos there are no test in London. Ffs,1,0,Wed Sep 23 08:25:22 +0000 2020,Realistichwofbow,positive,None
129,@LilNasX @corona and has there been any more cases after this tweet? exactly ğŸ™ŒğŸ»,0,0,Wed Sep 23 08:21:44 +0000 2020,Rose,positive,None
130,LETS US BE FREE @covid,1,0,Wed Sep 23 08:08:00 +0000 2020,Hoodie PapÃ­,positive,None
131,"@LaoTzu5 @dionysuslilipu1 @RANTER_DAD @IrishBackstop1 @Janekelly25 @JustinBaileyart @Tararabumdeay0 @MumofFatCassie @jajhed1 @SJR78354712 @pondOFthoughts @Wurzelg3 @LiamThorpECHO @COVID19 @BBCPM @DavidOlusoga @taylor_stevie @danroan @JamesDelingpole @MrJoshPerry @GMB @SkyNews @BBCNews @Channel4News @bbc5live @BBCr4today @BBCRadio4 @HugoWinogradsky @skygillian @NickyAACampbell @ryantubridy @coronavirus @Rentadad @TonyBlair @campbellclaret @BBCNewsnight @lottery @covid @CovOddballs @itvnews @MayaGoodfellow @GaryLineker @billybragg @KamalaHarris @BarackObama it's funny there were no Chinese or oriental composers who were ""overlooked"" by the western canon or repertoire
@LennyHenry @SuzieKlein #TFTD @BBCRadio4 @BBCRadio3 @ClassicFM",0,0,Wed Sep 23 06:55:18 +0000 2020,Alexei Romanov #NotABot - In a Castle on a Cloud,positive,None
132,"Ok heres an ANSWER!!! THAILAND HAS 69 million California 41 million. Thailand 3,425 @corona cases 59 deaths. Calif 799,240 cases. 15,259 dead. 28 million less people. 795k more cases. 28 million less people 15,190 more dead. What's the difference. Pizza cereal cakes cookies pies",0,1,Wed Sep 23 06:54:38 +0000 2020,Richard lynn Schermerhorn,positive,None
133,@michaelthups @BaAndABoAndABei @LilNasX @corona Virus is not programmed to affect only specific people and no one is exceptional. If it is created to depopulate half of the world then you can be one among themself. So according to me only brainless will wait counting depopulation 2 release cure thinking he will not be affected,0,0,Wed Sep 23 06:44:55 +0000 2020,Sathish Krish,positive,None
134,"@LilNasX @corona Who else uses water guns inna music video? ğŸ‘€ğŸ”«
â—ï¸LIKE N SUBSCRIBEâ—ï¸
I juss got VERIFIED on YouTube âœ…
#DpMula #Address #TrapArtist

https://t.co/l23gXM5hgD",0,0,Wed Sep 23 06:20:40 +0000 2020,GG âœ˜ DpMula âœ˜,neutral,None
135,@LilNasX @corona Athavale? Is that you??,1,0,Wed Sep 23 06:06:53 +0000 2020,Shvetang,neutral,None
136,@corona get AWAY FROM ME https://t.co/sgVCbDZO42,0,0,Wed Sep 23 06:00:59 +0000 2020,Dalton ğŸ,neutral,None
137,choose our certified mask @COVID-19 @covid19nz https://t.co/tgajj7H76K,0,0,Wed Sep 23 05:56:18 +0000 2020,essy medical,neutral,1
138,@covid please just give us a break ğŸ˜«ğŸ˜«ğŸ¥ºğŸ¥º,0,0,Wed Sep 23 05:43:11 +0000 2020,hehe,neutral,None
139,"Compared to before Covid-19, 42% consumers are hesitant to visit pubs, and instead are turning to in-home occasions to treat themselves, resulting in the growth of larger packs and meal deals in Convenience. Stock up with @BudweiserUK @StellaArtoisUK @corona @BudLightUK now. https://t.co/1emMppEevf",0,0,Wed Sep 23 05:34:04 +0000 2020,Budweiser Brewing Group UK&I Convenience,neutral,1
140,@LilNasX @corona STOP THIS MADNESS,1,0,Wed Sep 23 04:51:31 +0000 2020,ÏŸ ğ˜®ğ˜ªğ˜¯(ğ“ª) ÏŸ,neutral,None
